<keymap version="1" name="Eclipse (enhanced)" parent="Eclipse">
  <action id="CloseActiveTab" />
  <action id="CloseAllEditors">
    <keyboard-shortcut first-keystroke="shift ctrl w" />
  </action>
  <action id="CloseContent">
    <keyboard-shortcut first-keystroke="ctrl w" />
  </action>
  <action id="CollapseBlock" />
  <action id="CollapseSelection" />
  <action id="CommentByLineComment">
    <keyboard-shortcut first-keystroke="ctrl slash" />
    <keyboard-shortcut first-keystroke="ctrl divide" />
    <keyboard-shortcut first-keystroke="ctrl 7" />
  </action>
  <action id="EditorChooseLookupItemDot" />
  <action id="EditorCompleteStatement" />
  <action id="EditorStartNewLineBefore">
    <keyboard-shortcut first-keystroke="ctrl alt enter" />
    <keyboard-shortcut first-keystroke="shift ctrl enter" />
  </action>
  <action id="EvaluateExpression">
    <keyboard-shortcut first-keystroke="ctrl u" />
    <keyboard-shortcut first-keystroke="shift ctrl i" />
  </action>
  <action id="FindUsages">
    <keyboard-shortcut first-keystroke="ctrl g" />
    <keyboard-shortcut first-keystroke="shift ctrl g" />
  </action>
  <action id="FindUsagesInFile" />
  <action id="FixDocComment">
    <keyboard-shortcut first-keystroke="shift alt j" />
  </action>
  <action id="GotoBookmark7" />
  <action id="GotoNextElementUnderCaretUsage">
    <keyboard-shortcut first-keystroke="shift ctrl period" />
    <keyboard-shortcut first-keystroke="ctrl period" />
  </action>
  <action id="GotoPrevElementUnderCaretUsage">
    <keyboard-shortcut first-keystroke="shift ctrl comma" />
    <keyboard-shortcut first-keystroke="ctrl comma" />
  </action>
  <action id="QuickImplementations" />
  <action id="Terminal.SmartCommandExecution.Debug" />
  <action id="UsageFiltering.WriteAccess" />
  <action id="XDebugger.Inspect" />
</keymap>